{"id":"00000000-0000-0000-0000-000000000000","revision":0,"last_node_id":0,"last_link_id":0,"nodes":[],"links":[],"groups":[],"config":{},"extra":{"ue_links":[],"ds":{"scale":0.8264462809917354,"offset":[33.2232812499999,35.08762784090925]}},"version":0.4}